{"45":{"SAM":"0;1.8","MAM":1.9,"N":"2.0;3.0","OV":"3.1;3.3","OB":3.3},"46":{"SAM":"0;1.9","MAM":"2.0;2.1","N":"2.2;3.1","OV":"3.2;3.5","OB":3.5},"47":{"SAM":"0;2.0","MAM":"2.1;2.2","N":"2.3;3.3","OV":"3.4;3.7","OB":3.7},"48":{"SAM":"0;2.2","MAM":"2.3;2.4","N":"2.5;3.6","OV":"3.7;3.9","OB":3.9},"49":{"SAM":"0;2.3","MAM":"2.4;2.5","N":"2.6;3.8","OV":"3.9;4.2","OB":4.2},"50":{"SAM":"0;2.5","MAM":"2.6;2.7","N":"2.8;4.0","OV":"4.1;4.4","OB":4.4},"51":{"SAM":"0;2.6","MAM":"2.7;2.9","N":"3.0;4.2","OV":"4.3;4.7","OB":4.7},"52":{"SAM":"0;2.8","MAM":"2.9;3.1","N":"3.2;4.5","OV":"4.6;5.0","OB":5},"53":{"SAM":"0;3.0","MAM":"3.1;3.3","N":"3.4;4.8","OV":"4.9;5.3","OB":5.3},"54":{"SAM":"0;3.2","MAM":"3.3;3.5","N":"3.6;5.1","OV":"5.2;5.6","OB":5.6},"55":{"SAM":"0;3.5","MAM":"3.6;3.7","N":"3.8;5.4","OV":"5.5;6.0","OB":6},"56":{"SAM":"0;3.7","MAM":"3.8;4.0","N":"4.1;5.8","OV":"5.9;6.3","OB":6.3},"57":{"SAM":"0;3.9","MAM":"4.0;4.2","N":"4.3;6.1","OV":"6.2;6.7","OB":6.7},"58":{"SAM":"0;4.2","MAM":"4.3;4.5","N":"4.6;6.4","OV":"6.5;7.1","OB":7.1},"59":{"SAM":"0;4.4","MAM":"4.5;4.7","N":"4.8;6.8","OV":"6.9;7.4","OB":7.4},"60":{"SAM":"0;4.6","MAM":"4.7;5.0","N":"5.1;7.1","OV":"7.2;7.8","OB":7.8},"61":{"SAM":"0;4.8","MAM":"4.9;5.2","N":"5.3;7.4","OV":"7.5;8.1","OB":8.1},"62":{"SAM":"0;5.0","MAM":"5.1;5.5","N":"5.6;7.7","OV":"7.8;8.5","OB":8.5},"63":{"SAM":"0;5.2","MAM":"5.3;5.7","N":"5.8;8.0","OV":"8.1;8.8","OB":8.8},"64":{"SAM":"0;5.4","MAM":"5.5;5.9","N":"6.0;8.3","OV":"8.4;9.1","OB":9.1},"65":{"SAM":"0;5.6","MAM":"5.7;6.1","N":"6.2;8.6","OV":"8.7;9.4","OB":9.4},"66":{"SAM":"0;5.8","MAM":"5.9;6.3","N":"6.4;8.9","OV":"9.0;9.7","OB":9.7},"67":{"SAM":"0;6.0","MAM":"6.1;6.5","N":"6.6;9.2","OV":"9.3;10.0","OB":10},"68":{"SAM":"0;6.2","MAM":"6.3;6.7","N":"6.8;9.4","OV":"9.5;10.3","OB":10.3},"69":{"SAM":"0;6.4","MAM":"6.5;6.9","N":"7.0;9.7","OV":"9.8;10.6","OB":10.6},"70":{"SAM":"0;6.5","MAM":"6.6;7.1","N":"7.2;10.0","OV":"10.1;10.9","OB":10.9},"71":{"SAM":"0;6.7","MAM":"6.8;7.3","N":"7.4;10.2","OV":"10.3;11.2","OB":11.2},"72":{"SAM":"0;6.9","MAM":"7.0;7.5","N":"7.6;10.5","OV":"10.6;11.5","OB":11.5},"73":{"SAM":"0;7.1","MAM":"7.2;7.6","N":"7.7;10.8","OV":"10.9;11.8","OB":11.8},"74":{"SAM":"0;7.2","MAM":"7.3;7.8","N":"7.9;11.0","OV":"11.1;12.1","OB":12.1},"75":{"SAM":"0;7.4","MAM":"7.5;8.0","N":"8.1;11.3","OV":"11.4;12.3","OB":12.3},"76":{"SAM":"0;7.5","MAM":"7.6;8.2","N":"8.3;11.5","OV":"11.6;12.6","OB":12.6},"77":{"SAM":"0;7.7","MAM":"7.8;8.3","N":"8.4;11.7","OV":"11.8;12.8","OB":12.8},"78":{"SAM":"0;7.8","MAM":"7.9;8.5","N":"8.6;12.0","OV":"12.1;13.1","OB":13.1},"79":{"SAM":"0;8.0","MAM":"8.1;8.6","N":"8.7;12.2","OV":"12.3;13.3","OB":13.3},"80":{"SAM":"0;8.1","MAM":"8.2;8.8","N":"8.9;12.4","OV":"12.5;13.6","OB":13.6},"81":{"SAM":"0;8.3","MAM":"8.4;9.0","N":"9.1;12.6","OV":"12.7;13.8","OB":13.8},"82":{"SAM":"0;8.4","MAM":"8.5;9.1","N":"9.2;12.8","OV":"12.9;14.0","OB":14},"83":{"SAM":"0;8.6","MAM":"8.7;9.3","N":"9.4;13.1","OV":"13.2;14.3","OB":14.3},"84":{"SAM":"0;8.8","MAM":"8.9;9.5","N":"9.6;13.3","OV":"13.4;14.6","OB":14.6},"85":{"SAM":"0;9.0","MAM":"9.1;9.7","N":"9.8;13.6","OV":"13.7;14.9","OB":14.9},"86":{"SAM":"0;9.2","MAM":"9.3;9.9","N":"10.0;13.9","OV":"14.0;15.2","OB":15.2}}