
{"65":{"SAM":"0;5.5","MAM":"5.6;6.0","N":"6.1;8.7","OV":"8.8;9.7","OB":9.7},"66":{"SAM":"0;5.7","MAM":"5.8;6.2","N":"6.3;9.0","OV":"9.1;10.0","OB":10},"67":{"SAM":"0;5.8","MAM":"5.9;6.3","N":"6.4;9.3","OV":"9.4;10.2","OB":10.2},"68":{"SAM":"0;6.0","MAM":"6.1;6.5","N":"6.6;9.5","OV":"9.6;10.5","OB":10.5},"69":{"SAM":"0;6.2","MAM":"6.3;6.7","N":"6.8;9.8","OV":"9.9;10.8","OB":10.8},"70":{"SAM":"0;6.3","MAM":"6.4;6.9","N":"7.0;10.0","OV":"10.1;11.1","OB":11.1},"71":{"SAM":"0;6.5","MAM":"6.6;7.0","N":"7.1;10.3","OV":"10.4;11.3","OB":11.3},"72":{"SAM":"0;6.6","MAM":"6.7;7.2","N":"7.3;10.5","OV":"10.6;11.6","OB":11.6},"73":{"SAM":"0;6.8","MAM":"6.9;7.4","N":"7.5;10.7","OV":"10.8;11.8","OB":11.8},"74":{"SAM":"0;6.9","MAM":"7.0;7.5","N":"7.6;11.0","OV":"11.1;12.1","OB":12.1},"75":{"SAM":"0;7.1","MAM":"7.2;7.7","N":"7.8;11.2","OV":"11.3;12.3","OB":12.3},"76":{"SAM":"0;7.2","MAM":"7.3;7.9","N":"8.0;11.4","OV":"11.5;12.6","OB":12.6},"77":{"SAM":"0;7.4","MAM":"7.5;8.0","N":"8.1;11.6","OV":"11.7;12.8","OB":12.8},"78":{"SAM":"0;7.5","MAM":"7.6;8.2","N":"8.3;11.8","OV":"11.9;13.1","OB":13.1},"79":{"SAM":"0;7.7","MAM":"7.8;8.3","N":"8.4;12.1","OV":"12.2;13.3","OB":13.3},"80":{"SAM":"0;7.8","MAM":"7.9;8.5","N":"8.6;12.3","OV":"12.4;13.6","OB":13.6},"81":{"SAM":"0;8.0","MAM":"8.1;8.7","N":"8.8;12.6","OV":"12.7;13.9","OB":13.9},"82":{"SAM":"0;8.2","MAM":"8.3;8.9","N":"9.0;12.8","OV":"12.9;14.1","OB":14.1},"83":{"SAM":"0;8.4","MAM":"8.5;9.1","N":"9.2;13.1","OV":"13.2;14.5","OB":14.5},"84":{"SAM":"0;8.5","MAM":"8.6;9.3","N":"9.4;13.4","OV":"13.5;14.8","OB":14.8},"85":{"SAM":"0;8.7","MAM":"8.8;9.5","N":"9.6;13.7","OV":"13.8;15.1","OB":15.1},"86":{"SAM":"0;8.9","MAM":"9.0;9.7","N":"9.8;14.0","OV":"14.1;15.4","OB":15.4},"87":{"SAM":"0;9.1","MAM":"9.2;9.9","N":"10.0;14.3","OV":"14.4;15.8","OB":15.8},"88":{"SAM":"0;9.3","MAM":"9.4;10.1","N":"10.2;14.6","OV":"14.7;16.1","OB":16.1},"89":{"SAM":"0;9.5","MAM":"9.6;10.3","N":"10.4;14.9","OV":"15.0;16.4","OB":16.4},"90":{"SAM":"0;9.7","MAM":"9.8;10.5","N":"10.6;15.2","OV":"15.3;16.8","OB":16.8},"91":{"SAM":"0;9.9","MAM":"10.0;10.8","N":"10.9;15.5","OV":"15.6;17.1","OB":17.1},"92":{"SAM":"0;10.1","MAM":"10.2;11.0","N":"11.1;15.8","OV":"15.9;17.4","OB":17.4},"93":{"SAM":"0;10.3","MAM":"10.4;11.2","N":"11.3;16.1","OV":"16.2;17.8","OB":17.8},"94":{"SAM":"0;10.5","MAM":"10.6;11.4","N":"11.5;16.4","OV":"16.5;18.1","OB":18.1},"95":{"SAM":"0;10.7","MAM":"10.8;11.6","N":"11.7;16.7","OV":"16.8;18.5","OB":18.5},"96":{"SAM":"0;10.8","MAM":"10.9;11.8","N":"11.9;17.0","OV":"17.1;18.8","OB":18.8},"97":{"SAM":"0;11.0","MAM":"11.1;12.0","N":"12.1;17.4","OV":"17.5;19.2","OB":19.2},"98":{"SAM":"0;11.2","MAM":"11.3;12.2","N":"12.3;17.7","OV":"17.8;19.5","OB":19.5},"99":{"SAM":"0;11.4","MAM":"11.5;12.4","N":"12.5;18.0","OV":"18.1;19.9","OB":19.9},"100":{"SAM":"0;11.6","MAM":"11.7;12.7","N":"12.8;18.4","OV":"18.5;20.3","OB":20.3},"101":{"SAM":"0;11.9","MAM":"12.0;12.9","N":"13.0;18.7","OV":"18.8;20.7","OB":20.7},"102":{"SAM":"0;12.1","MAM":"12.2;13.2","N":"13.3;19.1","OV":"19.2;21.1","OB":21.1},"103":{"SAM":"0;12.3","MAM":"12.4;13.4","N":"13.5;19.5","OV":"19.6;21.6","OB":21.6},"104":{"SAM":"0;12.5","MAM":"12.6;13.7","N":"13.8;19.9","OV":"20.0;22.0","OB":22},"105":{"SAM":"0;12.8","MAM":"12.9;13.9","N":"14.0;20.3","OV":"20.4;22.5","OB":22.5},"106":{"SAM":"0;13.0","MAM":"13.1;14.2","N":"14.3;20.8","OV":"20.9;23.0","OB":23},"107":{"SAM":"0;13.3","MAM":"13.4;14.5","N":"14.6;21.2","OV":"21.3;23.5","OB":23.5},"108":{"SAM":"0;13.6","MAM":"13.7;14.8","N":"14.9;21.7","OV":"21.8;24.0","OB":24},"109":{"SAM":"0;13.8","MAM":"13.9;15.1","N":"15.2;22.1","OV":"22.2;24.5","OB":24.5},"110":{"SAM":"0;14.1","MAM":"14.2;15.4","N":"15.5;22.6","OV":"22.7;25.1","OB":25.1},"111":{"SAM":"0;14.4","MAM":"14.5;15.7","N":"15.8;23.1","OV":"23.2;25.7","OB":25.7},"112":{"SAM":"0;14.7","MAM":"14.8;16.1","N":"16.2;23.6","OV":"23.7;26.2","OB":26.2},"113":{"SAM":"0;15.0","MAM":"15.1;16.4","N":"16.5;24.2","OV":"24.3;26.8","OB":26.8},"114":{"SAM":"0;15.3","MAM":"15.4;16.7","N":"16.8;24.7","OV":"24.8;27.4","OB":27.4},"115":{"SAM":"0;15.6","MAM":"15.7;17.1","N":"17.2;25.2","OV":"25.3;28.1","OB":28.1},"116":{"SAM":"0;15.9","MAM":"16.0;17.4","N":"17.5;25.8","OV":"25.9;28.7","OB":28.7},"117":{"SAM":"0;16.2","MAM":"16.3;17.7","N":"17.8;26.3","OV":"26.4;29.3","OB":29.3},"118":{"SAM":"0;16.5","MAM":"16.6;18.1","N":"18.2;26.9","OV":"27.0;29.9","OB":29.9},"119":{"SAM":"0;16.8","MAM":"16.9;18.4","N":"18.5;27.4","OV":"27.5;30.6","OB":30.6},"120":{"SAM":"0;17.2","MAM":"17.3;18.8","N":"18.9;28.0","OV":"28.1;31.2","OB":31.2}}