{"45":{"SAM":"0;1.8","MAM":"1.9;2.0","N":"2.1;3.0","OV":"3.1;3.3","OB":3.3},"46":{"SAM":"0;1.9","MAM":"2.0;2.1","N":"2.2;3.2","OV":"3.3;3.5","OB":3.5},"47":{"SAM":"0;2.1","MAM":"2.2;2.3","N":"2.4;3.4","OV":"3.5;3.7","OB":3.7},"48":{"SAM":"0;2.2","MAM":"2.3;2.4","N":"2.5;3.6","OV":"3.7;4.0","OB":4},"49":{"SAM":"0;2.3","MAM":"2.4;2.5","N":"2.6;3.8","OV":"3.9;4.2","OB":4.2},"50":{"SAM":"0;2.5","MAM":"2.6;2.7","N":"2.8;4.0","OV":"4.1;4.5","OB":4.5},"51":{"SAM":"0;2.7","MAM":"2.8;2.9","N":"3.0;4.3","OV":"4.4;4.8","OB":4.8},"52":{"SAM":"0;2.8","MAM":"2.9;3.1","N":"3.2;4.6","OV":"4.7;5.1","OB":5.1},"53":{"SAM":"0;3.0","MAM":"3.1;3.3","N":"3.4;4.9","OV":"5.0;5.4","OB":5.4},"54":{"SAM":"0;3.2","MAM":"3.3;3.5","N":"3.6;5.2","OV":"5.3;5.7","OB":5.7},"55":{"SAM":"0;3.4","MAM":"3.5;3.7","N":"3.8;5.5","OV":"5.6;6.1","OB":6.1},"56":{"SAM":"0;3.6","MAM":"3.7;3.9","N":"4.0;5.8","OV":"5.9;6.4","OB":6.4},"57":{"SAM":"0;3.8","MAM":"3.9;4.2","N":"4.3;6.1","OV":"6.2;6.8","OB":6.8},"58":{"SAM":"0;4.0","MAM":"4.1;4.4","N":"4.5;6.5","OV":"6.6;7.1","OB":7.1},"59":{"SAM":"0;4.2","MAM":"4.3;4.6","N":"4.7;6.8","OV":"6.9;7.5","OB":7.5},"60":{"SAM":"0;4.4","MAM":"4.5;4.8","N":"4.9;7.1","OV":"7.2;7.8","OB":7.8},"61":{"SAM":"0;4.6","MAM":"4.7;5.0","N":"5.1;7.4","OV":"7.5;8.2","OB":8.2},"62":{"SAM":"0;4.8","MAM":"4.9;5.2","N":"5.3;7.7","OV":"7.8;8.5","OB":8.5},"63":{"SAM":"0;5.0","MAM":"5.1;5.4","N":"5.5;8.0","OV":"8.1;8.8","OB":8.8},"64":{"SAM":"0;5.2","MAM":"5.3;5.6","N":"5.7;8.3","OV":"8.4;9.1","OB":9.1},"65":{"SAM":"0;5.4","MAM":"5.5;5.8","N":"5.9;8.6","OV":"8.7;9.5","OB":9.5},"66":{"SAM":"0;5.5","MAM":"5.6;6.0","N":"6.1;8.8","OV":"8.9;9.8","OB":9.8},"67":{"SAM":"0;5.7","MAM":"5.8;6.2","N":"6.3;9.1","OV":"9.2;10.0","OB":10},"68":{"SAM":"0;5.9","MAM":"6.0;6.4","N":"6.5;9.4","OV":"9.5;10.3","OB":10.3},"69":{"SAM":"0;6.0","MAM":"6.1;6.6","N":"6.7;9.6","OV":"9.7;10.6","OB":10.6},"70":{"SAM":"0;6.2","MAM":"6.3;6.8","N":"6.9;9.9","OV":"10.0;10.9","OB":10.9},"71":{"SAM":"0;6.4","MAM":"6.5;6.9","N":"7.0;10.1","OV":"10.2;11.1","OB":11.1},"72":{"SAM":"0;6.5","MAM":"6.6;7.1","N":"7.2;10.3","OV":"10.4;11.4","OB":11.4},"73":{"SAM":"0;6.7","MAM":"6.8;7.3","N":"7.4;10.6","OV":"10.7;11.7","OB":11.7},"74":{"SAM":"0;6.8","MAM":"6.9;7.4","N":"7.5;10.8","OV":"10.9;11.9","OB":11.9},"75":{"SAM":"0;7.0","MAM":"7.1;7.6","N":"7.7;11.0","OV":"11.1;12.2","OB":12.2},"76":{"SAM":"0;7.1","MAM":"7.2;7.7","N":"7.8;11.2","OV":"11.3;12.4","OB":12.4},"77":{"SAM":"0;7.3","MAM":"7.4;7.9","N":"8.0;11.5","OV":"11.6;12.6","OB":12.6},"78":{"SAM":"0;7.4","MAM":"7.5;8.1","N":"8.2;11.7","OV":"11.8;12.9","OB":12.9},"79":{"SAM":"0;7.6","MAM":"7.7;8.2","N":"8.3;11.9","OV":"12.0;13.1","OB":13.1},"80":{"SAM":"0;7.7","MAM":"7.8;8.4","N":"8.5;12.1","OV":"12.2;13.4","OB":13.4},"81":{"SAM":"0;7.9","MAM":"8.0;8.6","N":"8.7;12.4","OV":"12.5;13.7","OB":13.7},"82":{"SAM":"0;8.0","MAM":"8.1;8.7","N":"8.8;12.6","OV":"12.7;13.9","OB":13.9},"83":{"SAM":"0;8.2","MAM":"8.3;8.9","N":"9.0;12.9","OV":"13.0;14.2","OB":14.2},"84":{"SAM":"0;8.4","MAM":"8.5;9.1","N":"9.2;13.2","OV":"13.3;14.5","OB":14.5},"85":{"SAM":"0;8.6","MAM":"8.7;9.3","N":"9.4;13.5","OV":"13.6;14.9","OB":14.9},"86":{"SAM":"0;8.8","MAM":"8.9;9.6","N":"9.7;13.8","OV":"13.9;15.2","OB":15.2}}